{
    "Loss": 0.09487767517566681,
    "Accuracy": 0.9710000157356262
}